{"cameraMode":{"drawMode":0,"name":"Shaded","section":"Shading Mode"},"sceneLighting":false,"audioPlay":false,"sceneViewState":{"showFog":true,"showMaterialUpdate":false,"showSkybox":true,"showFlares":true,"showImageEffects":true,"showParticleSystems":true},"in2DMode":false,"pivot":{"x":321.89959716796877,"y":107.52103424072266,"z":-300.0944519042969},"rotation":{"x":0.062286682426929477,"y":0.27337297797203066,"z":-0.017742052674293519,"w":0.9597254395484924},"size":4.041658401489258,"orthographic":false}