{"cameraMode":{"drawMode":0,"name":"Shaded","section":"Shading Mode"},"sceneLighting":false,"audioPlay":false,"sceneViewState":{"showFog":true,"showMaterialUpdate":false,"showSkybox":true,"showFlares":true,"showImageEffects":true,"showParticleSystems":true},"in2DMode":false,"pivot":{"x":323.1466369628906,"y":108.30672454833985,"z":-299.4773254394531},"rotation":{"x":0.03968895226716995,"y":-0.4223683476448059,"z":0.018515542149543763,"w":0.9053656458854675},"size":4.041658401489258,"orthographic":false}