{"cameraMode":{"drawMode":0,"name":"Shaded","section":"Shading Mode"},"sceneLighting":false,"audioPlay":false,"sceneViewState":{"showFog":true,"showMaterialUpdate":false,"showSkybox":true,"showFlares":true,"showImageEffects":true,"showParticleSystems":true},"in2DMode":false,"pivot":{"x":-6.753673553466797,"y":1.0974928140640259,"z":-1.5726284980773926},"rotation":{"x":0.06616182625293732,"y":0.6489726305007935,"z":-0.05680912360548973,"w":0.7557975649833679},"size":0.00005715767838410102,"orthographic":false}