{"cameraMode":{"drawMode":0,"name":"Shaded","section":"Shading Mode"},"sceneLighting":true,"audioPlay":false,"sceneViewState":{"showFog":true,"showMaterialUpdate":false,"showSkybox":true,"showFlares":true,"showImageEffects":true,"showParticleSystems":true},"in2DMode":false,"pivot":{"x":-6.26627779006958,"y":6.270475387573242,"z":-0.7947433590888977},"rotation":{"x":0.39925670623779299,"y":0.4828454554080963,"z":-0.26272132992744448,"w":0.73377925157547},"size":1.6416587829589844,"orthographic":false}