{"cameraMode":{"drawMode":0,"name":"Shaded","section":"Shading Mode"},"sceneLighting":true,"audioPlay":false,"sceneViewState":{"showFog":true,"showMaterialUpdate":false,"showSkybox":true,"showFlares":true,"showImageEffects":true,"showParticleSystems":true},"in2DMode":false,"pivot":{"x":-20.607589721679689,"y":5.534718036651611,"z":-12.638959884643555},"rotation":{"x":0.07739812135696411,"y":0.39261549711227419,"z":-0.03318049758672714,"w":0.9158393740653992},"size":1.6416587829589844,"orthographic":false}