{"cameraMode":{"drawMode":0,"name":"Shaded","section":"Shading Mode"},"sceneLighting":false,"audioPlay":false,"sceneViewState":{"showFog":true,"showMaterialUpdate":false,"showSkybox":true,"showFlares":true,"showImageEffects":true,"showParticleSystems":true},"in2DMode":false,"pivot":{"x":321.89959716796877,"y":107.42103576660156,"z":-300.0944519042969},"rotation":{"x":0.07304828613996506,"y":0.5211883187294006,"z":-0.04483536258339882,"w":0.8491269946098328},"size":3.6375293731689455,"orthographic":false}