{"cameraMode":{"drawMode":0,"name":"Shaded","section":"Shading Mode"},"sceneLighting":false,"audioPlay":false,"sceneViewState":{"showFog":true,"showMaterialUpdate":false,"showSkybox":true,"showFlares":true,"showImageEffects":true,"showParticleSystems":true},"in2DMode":false,"pivot":{"x":-15.554414749145508,"y":-1.7131476402282715,"z":-7.138895034790039},"rotation":{"x":-0.035236306488513949,"y":0.8288871645927429,"z":-0.05254685878753662,"w":-0.555826723575592},"size":22.0,"orthographic":false}